{"cameraMode":{"drawMode":0,"name":"Shaded","section":"Shading Mode"},"sceneLighting":true,"audioPlay":false,"sceneViewState":{"showFog":true,"showMaterialUpdate":true,"showSkybox":true,"showFlares":true,"showImageEffects":true,"showParticleSystems":true},"in2DMode":false,"pivot":{"x":-0.4401138424873352,"y":-3.898709774017334,"z":3.3410515785217287},"rotation":{"x":-0.2743348181247711,"y":-0.2224583923816681,"z":0.06539221107959748,"w":-0.9332612752914429},"size":16.87018394470215,"orthographic":false}